id,year,authors,title,citation,document_type,virus_or_system,metrics_coded,states_incomplete_physical_separation,claims_successful_separation,separation_methods_discussed,historical_claim,quotes_key,supports_dilemma,counterexample_value,fulltext,extractor,extract_date,confidence,notes
P2-001,2016,"Nolte-'t Hoen E, Cremer T, Gallo RC, Margolis LB",Extracellular vesicles and viruses: Are they close relatives?,PNAS 2016;113:9155-9161,perspective,retroviruses general; HIV examples,"M-SIZE;M-DENS;M-CONT;M-RNA;M-MARK;M-UC",yes,partial,"density gradients limited; velocity gradients with p24 vs AChE/CD45; future nano-flow",border between defective viruses and EVs does not exist; early EM co-pelleted membrane particles,Mission almost impossible separation of virions from EVs; size 50-100 nm EV vs ~100 nm retrovirus; density EV 1.13-1.18 vs retrovirus 1.16-1.18; border between them seems not to exist,Y,N,Y,grok-primary,2026-07-22,high,Full PDF local; foundational consensus language
P2-002,2020,"McNamara RP, Dittmer DP",Modern techniques for the isolation of extracellular vesicles and viruses,J Neuroimmune Pharmacol 2020,review,small EV <200 nm density <1.3; multiple viruses,"M-UC;M-PEG;M-DENS;M-SIZE;M-TFF;M-MARK;M-SEC",yes,partial,"UC gradients co-sediment; PEG co-precipitates; affinity better; nano-flow emerging",UC historically used for both virus and EV,Some viruses exhibit overlapping densities with EV; carefully prepared gradients cannot conclusively separate them; co-contamination expected for lower density virus families,Y,partial,Y,grok-primary,2026-07-22,high,Full PDF local; method survey
P2-003,2020,"Zhou Y, McNamara RP, Dittmer DP",Purification methods and the presence of RNA in virus particles and extracellular vesicles,Viruses 2020;12:917,review,herpesviruses HIV HAV focus RNA,"M-RNA;M-UC;M-PEG;M-SEC;M-MARK;M-DENS",yes,partial,"affinity can enrich marker+ EV away from some viruses; PEG poor for functional purity",debate whether RNA in virion preps is EV contamination,Virus particles have similar biophysical attributes to EV; often densities so closely overlap that density-gradient separation is impractical,Y,partial,Y,grok-primary,2026-07-22,high,Full PDF local; RNA attribution hinge
P2-004,2017,"Raab-Traub N, Dittmer DP",Viral effects on the content and function of extracellular vesicles,Nat Rev Microbiol 2017,review,EBV KSHV HIV HAV HCV,"M-UC;M-PEG;M-SEC;M-DENS;M-MARK;M-CONT;M-EM",yes,partial,"Box1: UC PEG SEC density flotation yes virion co-purification; CD63 beads no",similar biophysical properties make pure populations hard,Owing to small size and similar biochemical composition viruses and EVs have similar biophysical properties; challenging to determine precise composition,Y,partial,Y,grok-primary,2026-07-22,high,Full PDF local; method table yes/no co-purification
P2-005,2011,"Meckes DG Jr, Raab-Traub N",Microvesicles and viral infection,J Virol 2011;85:12844-12854,review,enveloped viruses general EBV,"M-SIZE;M-DENS;M-PROT;M-CONT;M-EM",partial,unclear,density ranges for exosomes vs SM vs AB tabulated,shared characteristics with enveloped viruses noted early,Exosomes 40-100 nm density 1.10-1.19; many virus-like biophysical properties,Y,N,Y,grok-primary,2026-07-22,high,Full PDF local
P2-006,2020,"Giannessi F et al.",The role of extracellular vesicles as allies of HIV HCV and SARS viruses,Viruses 2020;12:571,review,HIV HCV SARS-CoV,"M-SIZE;M-LIPID;M-CONT;M-PROT;M-UC;M-DENS",yes,unclear,shared ESCRT lipid raft pathways; UC almost impossible mission language,Trojan exosome vs convergent evolution theories,EVs resemble enveloped viruses; almost impossible to separate EVs and viruses by differential UC; no method guarantees complete separation,Y,N,Y,grok-primary,2026-07-22,high,Full PDF local; non-UNC; metrics amended after Agent A
P2-007,2023,"Moulin C et al.",Extracellular vesicles and viruses: two intertwined entities,Int J Mol Sci 2023;24:1036,review,general + therapy,"M-CONT;M-PROT",partial,unclear,biogenesis hijacking focus more than purification tables,interactions highly interconnected past decade,Viruses share many attributes with EVs; cellular machinery for EV production manipulated for viral egress,mixed,N,Y,grok-primary,2026-07-22,medium,Full PDF local; supports biology intertwining not methods failure; amended after Agent A
P2-009,2003,"Gould SJ, Booth AM, Hildreth JEK",The Trojan exosome hypothesis,PNAS 2003,perspective,retroviruses,"M-CONT;M-LIPID;M-PROT",yes,no,argues shared pathway rather than offering separation,retroviruses as variant form of exosome biogenesis,Trojan exosome hypothesis: retroviruses use preexisting nonviral exosome biogenesis pathway,Y,N,abstract_only,grok-primary,2026-07-22,medium,PDF requested; foundational ontology paper
P2-010,1997,"Bess JW Jr et al.",Microvesicles are a source of contaminating cellular proteins found in purified HIV-1 preparations,Virology 1997;230:134-144,primary_experimental,HIV-1 T-cell lines,"M-DENS;M-UC;M-PROT;M-EM;M-HIST;M-RNA",yes,no,sucrose density gradient and 20% sucrose pads co-purify microvesicles,pre-exosome-field language: microvesicles contaminate purified HIV,Microvesicles band in sucrose gradients in a range of densities that includes the same density as retroviruses; contain HLA DR beta2-M RNA DNA; EM various sizes morphologies,Y,N,abstract_only,grok-primary,2026-07-22,medium,Critical 1997 primary candidate; abstract-backed; confidence medium until PDF (Agent A)
P2-011,1997,"Gluschankof P et al.",Cell membrane vesicles are a major contaminant of gradient-enriched human immunodeficiency virus type-1 preparations,Virology 1997;230:125-133,primary_experimental,HIV-1,"M-DENS;M-UC;M-EM;M-PROT;M-HIST",yes,no,gradient enrichment co-isolates membrane vesicles,same-year independent primary,Cell membrane vesicles major contaminant of gradient-enriched HIV-1 preparations; uninfected controls HLA-DR bands; EM excess vesicles,Y,N,abstract_only,grok-primary,2026-07-22,medium,Critical 1997 primary candidate; confidence medium until PDF
P2-013,2008,"Cantin R, Diou J, Bélanger D, Tremblay AM, Gilbert C",Discrimination between exosomes and HIV-1-infected cells: methods and applications,J Immunol Methods. 2008;338:21-30 PMID 18675270,primary_experimental,HIV-1 vs exosomes,"M-MARK;M-DENS;M-UC",partial,yes,Optiprep velocity gradients; anti-AChE immunodepletion; sucrose inefficient,acknowledges co-isolation problem,Sucrose gradients inefficient; velocity gradients separate AChE+ exosomes from HIV; AChE immunodepletion,Y,Y,abstract_only,grok-primary,2026-07-22,medium,CORRECTED imprint after Agent B (was mis-catalogued as J Virol CD45)
P2-014,2008,"Coren LV, Shatzer T, Ott DE",CD45 immunoaffinity depletion of vesicles from Jurkat T cells...,Retrovirology 2008;5:64,primary_experimental,HIV-1 Jurkat,"M-MARK;M-UC;M-PROT",yes,yes,CD45 immunoaffinity depletion removes contaminating vesicles,cites Bess 1997; also argues against shared Trojan budding,Demonstrates method to deplete CD45+ vesicles; dual-classification reinforcement,Y,Y,abstract_only,grok-primary,2026-07-22,medium,Remediation = problem real; also anti-Trojan framing (Agent B)
P2-015,2009,"Ott DE",Purification of HIV-1 virions by subtilisin digestion or CD45 immunoaffinity depletion...,Methods Mol Biol 2009,primary_methods,HIV-1,"M-MARK;M-PROT;M-UC",yes,yes,subtilisin shaving or CD45 depletion protocols,methods developed because contaminants matter for proteomics,Protocol purpose: remove microvesicle contaminants for biochemical studies; subtilisin is exterior shave not class separation,Y,Y,abstract_only,grok-primary,2026-07-22,medium,Methods paper as evidence of recognized problem
P2-016,2013,"Feng Z et al.",A pathogenic picornavirus acquires an envelope by hijacking cellular membranes,Nature 2013;496:367-371,primary_experimental,HAV,"M-CONT;M-DENS;M-EM;M-INF;M-LIPID",yes,partial,gradients distinguish eHAV vs naked HAV; eHAV resembles exosomes,non-enveloped virus mostly membrane-cloaked in culture,eHAV resemble exosomes; majority of released HAV membrane-cloaked (79% figure fulltext-dependent),Y,N,abstract_only,grok-primary,2026-07-22,medium,Primary; blurs enveloped definition; confidence medium until PDF
P2-017,2013,"Ramakrishnaiah V et al.",Exosome-mediated transmission of hepatitis C virus between human hepatoma Huh7.5 cells,PNAS 2013,primary_experimental,HCV,"M-CONT;M-RNA;M-INF;M-UC",partial,no,exosome isolation used as infectious unit source,infectious agent in EV fraction,Exosome-mediated HCV transmission (title),Y,N,abstract_only,grok-primary,2026-07-22,medium,Confirm pages
P2-018,2014,"Bukong TN et al.",Exosomes from hepatitis C infected patients transmit HCV infection...,PLoS Pathog 2014,primary_experimental,HCV patients + culture,"M-RNA;M-INF;M-CONT;M-UC",partial,partial,ExoQuick/UC + CD63 immuno-selection; infectious EV fractions,patient EV carry replication-competent viral RNA,Exosomes transmit HCV and contain replication-competent viral RNA complexes,Y,partial,abstract_only,grok-primary,2026-07-22,medium,claims_successful_separation partial (CD63 enrichment); Agent A
P2-019,2018,"Théry C et al.",MISEV2018,J Extracell Vesicles 2018,standard,EV field general,"M-MARK;M-UC;M-HIST",partial,partial,best-practice multi-method characterization; notes contaminants,institutionalizes purity concerns,Minimal information standards for EV studies including purity considerations,Y,partial,abstract_only,grok-primary,2026-07-22,medium,Need PDF for virus-specific wording
P2-020,2010,"Pegtel DM et al.",Functional delivery of viral miRNAs via exosomes,PNAS 2010,primary_experimental,EBV,"M-RNA;M-CONT",partial,no,exosome isolation for viral miRNA delivery,viral genetic material in non-virion vesicles,Functional delivery of viral miRNAs via exosomes,Y,N,abstract_only,grok-primary,2026-07-22,medium,
P2-021,2006,"Booth AM et al.",Exosomes and HIV Gag bud from endosome-like domains of the T cell plasma membrane,J Cell Biol 2006,primary_experimental,HIV Gag,"M-CONT;M-PROT;M-EM",yes,no,shared budding domains,supports Trojan-related shared biogenesis,Exosomes and HIV Gag bud from endosome-like domains,Y,N,abstract_only,grok-primary,2026-07-22,medium,
P2-023,2023,"Martin C, Ligat G, Malnou CE",The Yin and the Yang of Extracellular Vesicles During Viral Infections,Biomedicines 2023,review,general viral infections,"M-CONT;M-SIZE",partial,unclear,review of dual roles,2023 persistence of EV-virus research problem,Recent review of EV-virus interactions (confirm DOI),Y,N,abstract_only,grok-primary,2026-07-22,low,Imprint needs PDF confirmation
P2-024,2018,"Dias MVS et al.",The ambiguous roles of extracellular vesicles in HIV replication,Front Microbiol 2018;9:2411,review,HIV,"M-CONT;M-SIZE",yes,unclear,shared features EV and HIV-1,ambiguous roles framing,EVs especially exosomes and HIV-1 particles share some important features,Y,N,abstract_only,grok-primary,2026-07-22,medium,
P2-027,2009,"Izquierdo-Useros N et al.",Capture and transfer of HIV-1 particles by mature dendritic cells converges with the exosome-dissemination pathway,Blood 2009,primary_experimental,HIV-1 DC,"M-CONT;M-INF",partial,no,pathway convergence not purification,functional exploitation of EV pathway,HIV-1 exploits exosome antigen-dissemination pathway,Y,N,abstract_only,grok-primary,2026-07-22,medium,
P2-028,2006,"Wiley RD, Gummuluru S",Immature dendritic cell-derived exosomes can mediate HIV-1 trans-infection,PNAS 2006,primary_experimental,HIV-1,"M-CONT;M-INF;M-UC",partial,no,exosome-mediated trans-infection,infectious activity associated with EV fraction,DC exosomes mediate HIV-1 trans-infection,Y,N,abstract_only,grok-primary,2026-07-22,medium,
P2-031,2003,"Nguyen DG et al.",Evidence that HIV budding in primary macrophages occurs through the exosome release pathway,J Biol Chem 2003,primary_experimental,HIV macrophages,"M-CONT;M-PROT",yes,no,shared release pathway,Trojan-adjacent experimental,HIV budding through exosome release pathway,Y,N,abstract_only,grok-primary,2026-07-22,medium,
P2-041,2015,"Chahar HS, Bao X, Casola A",Exosomes and their role in the life cycle and pathogenesis of RNA viruses,Viruses 2015,review,RNA viruses,"M-CONT;M-RNA",partial,unclear,lifecycle roles,field review mid-2010s,Exosomes in RNA virus life cycle and pathogenesis,Y,N,abstract_only,grok-primary,2026-07-22,medium,
P2-043,2016,"Altan-Bonnet N et al.",Nonenveloped viruses in extracellular vesicles (Trojan horses),Curr Opin Microbiol / related 2016,review,enteroviruses HAV-like,"M-CONT;M-EM;M-INF",yes,no,vesicle cloaking of non-enveloped viruses,blurs classical envelope taxonomy,Non-enveloped viruses packaged in host vesicles,Y,N,abstract_only,grok-primary,2026-07-22,medium,Confirm exact cite
P2-044,2015,"Chen YH et al.",Phosphatidylserine vesicles enable efficient en bloc transmission of enteroviruses,Cell 2015,primary_experimental,enteroviruses,"M-CONT;M-EM;M-INF;M-LIPID",yes,no,PS vesicles contain multiple virions,membrane packages as transmission unit,PS vesicles enable en bloc enterovirus transmission,Y,N,abstract_only,grok-primary,2026-07-22,high,
P2-051,2010,"Lenassi M et al.",HIV Nef is secreted in exosomes and induces apoptosis in bystander CD4 T cells,Traffic 2010,primary_experimental,HIV Nef,"M-CONT;M-PROT",partial,no,exosomal Nef,viral protein without full virion,Nef secreted in exosomes,Y,N,abstract_only,grok-primary,2026-07-22,medium,
P2-052,2013,"Narayanan A et al.",Exosomes derived from HIV-1-infected cells contain trans-activation response element RNA,J Biol Chem 2013,primary_experimental,HIV TAR RNA,"M-RNA;M-CONT",partial,no,EV carry viral RNA element,RNA in non-virion particles,HIV-1-infected cell exosomes contain TAR RNA,Y,N,abstract_only,grok-primary,2026-07-22,medium,
P2-056,2010,"Meckes DG et al.",Human tumor virus utilizes exosomes for intercellular communication,PNAS 2010/11,primary_experimental,EBV,"M-RNA;M-PROT;M-CONT",partial,no,exosome transfer of viral components,EBV LMP1/miRNA communication,Tumor virus utilizes exosomes for intercellular communication,Y,N,abstract_only,grok-primary,2026-07-22,medium,
P2-062,2018,"McNamara RP et al.",Nef secretion into extracellular vesicles / mBio line,mBio 2018;9:e02344-17,primary_experimental,HIV Nef,"M-PROT;M-CONT",partial,no,EV export of Nef without viral genetic material,uncouples viral protein export from classic virion,HIV exports Nef in cellular packages (exosomes),Y,N,abstract_only,grok-primary,2026-07-22,medium,
